Titre;Prix;Ann√©e;Kilometrage;Boite;Carburant;Marque;Modele;Ville;Image;Lien
HYUNDAI I10 1.4;110000;2021;64 000;Manuelle;Essence;Hyundai;I10;Casablanca;https://www.moteur.ma/media/photos/ads/resized/hyundai-i-10-769026.jpg;https://www.moteur.ma/fr/voiture/achat-voiture-occasion/detail-annonce/476940/hyundai-i10-14.html
HYUNDAI I10;0;2022;19 000;Manuelle;Essence;Hyundai;I10;;https://www.moteur.ma/media/photos/ads/resized/hyundai-i-10-273569.jpg;https://www.moteur.ma/fr/voiture/achat-voiture-occasion/detail-annonce/471529/hyundai-i10-.html
HYUNDAI I10;0;2021;99 000;Manuelle;Essence;Hyundai;I10;;https://www.moteur.ma/media/photos/ads/resized/hyundai-i-10-343686.jpg;https://www.moteur.ma/fr/voiture/achat-voiture-occasion/detail-annonce/448047/hyundai-i10-.html
HYUNDAI I10;97000;2020;99 000;Manuelle;Essence;Hyundai;I10;Casablanca;https://www.moteur.ma/media/photos/ads/resized/hyundai-i-10-982146.jpg;https://www.moteur.ma/fr/voiture/achat-voiture-occasion/detail-annonce/480139/hyundai-i10-.html
HYUNDAI I10 Hyundai i10;80000;2017;114 000;Manuelle;Essence;Hyundai;I10;Nador;https://www.moteur.ma/media/photos/ads/resized/hyundai-i10-292419.jpg;https://www.moteur.ma/fr/voiture/achat-voiture-occasion/detail-annonce/480614/hyundai-i10-hyundai-i10.html
HYUNDAI I10;139000;2024;54 000;Manuelle;Essence;Hyundai;I10;Casablanca;https://www.moteur.ma/media/photos/ads/resized/hyundai-i-10-296691.jpg;https://www.moteur.ma/fr/voiture/achat-voiture-occasion/detail-annonce/478187/hyundai-i10-.html
HYUNDAI I10;130000;2021;58 000;Manuelle;Essence;Hyundai;I10;Tetouan;https://www.moteur.ma/media/photos/ads/resized/hyundai-i10-794361.jpeg;https://www.moteur.ma/fr/voiture/achat-voiture-occasion/detail-annonce/479887/hyundai-i10-.html
HYUNDAI I10 2017;87000;2017;54 000;Manuelle;Essence;Hyundai;I10;Tetouan;https://www.moteur.ma/media/photos/ads/resized/hyundai-i10-413807.jpg;https://www.moteur.ma/fr/voiture/achat-voiture-occasion/detail-annonce/479528/hyundai-i10-2017.html
HYUNDAI I10 2013;70000;2013;143 000;Manuelle;Essence;Hyundai;I10;Marrakech;https://www.moteur.ma/media/photos/ads/resized/hyundai-i10-645572.jpg;https://www.moteur.ma/fr/voiture/achat-voiture-occasion/detail-annonce/479365/hyundai-i10-2013.html
HYUNDAI I10;126000;2022;21 000;Manuelle;Essence;Hyundai;I10;Casablanca;https://www.moteur.ma/media/photos/ads/resized/hyundai-i10-458787.jpg;https://www.moteur.ma/fr/voiture/achat-voiture-occasion/detail-annonce/475375/hyundai-i10-.html
HYUNDAI I10 2019;105000;2019;144;Automatique;Essence;Hyundai;I10;Casablanca;https://www.moteur.ma/media/photos/ads/resized/hyundai-i10-549056.jpeg;https://www.moteur.ma/fr/voiture/achat-voiture-occasion/detail-annonce/472926/hyundai-i10-2019.html
HYUNDAI I10 Fin 2009;56000;2009;140 000;Manuelle;Essence;Hyundai;I10;Casablanca;https://www.moteur.ma/media/photos/ads/resized/hyundai-i10-556292.jpeg;https://www.moteur.ma/fr/voiture/achat-voiture-occasion/detail-annonce/472820/hyundai-i10-fin-2009.html
HYUNDAI I10 Fin 2009;56000;2009;140 000;Manuelle;Essence;Hyundai;I10;Casablanca;https://www.moteur.ma/media/photos/ads/resized/hyundai-i10-315263.jpeg;https://www.moteur.ma/fr/voiture/achat-voiture-occasion/detail-annonce/472821/hyundai-i10-fin-2009.html
HYUNDAI I10;80000;2016;109;Manuelle;Essence;Hyundai;I10;Casablanca;https://www.moteur.ma/media/photos/ads/resized/hyundai-i10-281386.jpeg;https://www.moteur.ma/fr/voiture/achat-voiture-occasion/detail-annonce/472097/hyundai-i10-.html
HYUNDAI I10;125000;2021;21 000;Manuelle;Essence;Hyundai;I10;Fes;https://www.moteur.ma/media/photos/ads/resized/hyundai-i10-418421.jpg;https://www.moteur.ma/fr/voiture/achat-voiture-occasion/detail-annonce/471714/hyundai-i10-.html
HYUNDAI I10;105000;2021;20 300;Manuelle;Essence;Hyundai;I10;Casablanca;https://www.moteur.ma/media/photos/ads/resized/hyundai-i10-598607.jpeg;https://www.moteur.ma/fr/voiture/achat-voiture-occasion/detail-annonce/471663/hyundai-i10-.html
HYUNDAI I10;70000;2016;119 000;Manuelle;Essence;Hyundai;I10;Sale;https://www.moteur.ma/media/photos/ads/resized/hyundai-i10-936656.jpg;https://www.moteur.ma/fr/voiture/achat-voiture-occasion/detail-annonce/470906/hyundai-i10-.html
HYUNDAI I10 2017;75000;2017;106 000;Manuelle;Essence;Hyundai;I10;Nador;https://www.moteur.ma/media/photos/ads/resized/hyundai-i10-226494.jpg;https://www.moteur.ma/fr/voiture/achat-voiture-occasion/detail-annonce/469205/hyundai-i10-2017.html
HYUNDAI I10;60000;2012;100 000;Manuelle;Essence;Hyundai;I10;Tanger;https://www.moteur.ma/media/photos/ads/resized/hyundai-i10-629205.jpeg;https://www.moteur.ma/fr/voiture/achat-voiture-occasion/detail-annonce/468708/hyundai-i10-.html
HYUNDAI I10 2010;56000;2010;136 000;Manuelle;Essence;Hyundai;I10;Agadir;https://www.moteur.ma/media/photos/ads/resized/hyundai-i10-727321.jpg;https://www.moteur.ma/fr/voiture/achat-voiture-occasion/detail-annonce/468340/hyundai-i10-2010.html
HYUNDAI I10 2010;53000;2010;136 000;Manuelle;Essence;Hyundai;I10;Agadir;https://www.moteur.ma/media/photos/ads/resized/hyundai-i10-179961.jpg;https://www.moteur.ma/fr/voiture/achat-voiture-occasion/detail-annonce/467715/hyundai-i10-2010.html
HYUNDAI I10 2013;68000;2013;157 000;Manuelle;Essence;Hyundai;I10;Tanger;https://www.moteur.ma/media/photos/ads/resized/hyundai-grand-i10-254069.jpg;https://www.moteur.ma/fr/voiture/achat-voiture-occasion/detail-annonce/465350/hyundai-i10-2013.html
HYUNDAI I10;58000;2009;170 000;Manuelle;Essence;Hyundai;I10;Casablanca;https://www.moteur.ma/media/photos/ads/resized/hyundai-i10-824458.jpeg;https://www.moteur.ma/fr/voiture/achat-voiture-occasion/detail-annonce/462605/hyundai-i10-.html
HYUNDAI I10 Manuel;128000;2023;27 000;Manuelle;Essence;Hyundai;I10;El jadida;https://www.moteur.ma/media/photos/ads/resized/hyundai-i10-101324.jpg;https://www.moteur.ma/fr/voiture/achat-voiture-occasion/detail-annonce/462451/hyundai-i10-manuel.html
HYUNDAI I10 2024;159000;2024;500;Automatique;Essence;Hyundai;I10;Casablanca;https://www.moteur.ma/media/photos/ads/resized/hyundai-i10-295430.jpg;https://www.moteur.ma/fr/voiture/achat-voiture-occasion/detail-annonce/462402/hyundai-i10-2024.html
HYUNDAI I10 2014;72000;2014;160 000;Manuelle;Essence;Hyundai;I10;Sale;https://www.moteur.ma/media/photos/ads/resized/hyundai-i10-358711.jpg;https://www.moteur.ma/fr/voiture/achat-voiture-occasion/detail-annonce/461721/hyundai-i10-2014.html
HYUNDAI I10;95000;2018;23 500;Manuelle;Essence;Hyundai;I10;Agadir;https://www.moteur.ma/media/photos/ads/resized/hyundai-i10-532350.jpg;https://www.moteur.ma/fr/voiture/achat-voiture-occasion/detail-annonce/461594/hyundai-i10-.html
HYUNDAI I10;128000;2021;19 000;Manuelle;Essence;Hyundai;I10;Casablanca;https://www.moteur.ma/media/photos/ads/resized/hyundai-i10-854612.jpg;https://www.moteur.ma/fr/voiture/achat-voiture-occasion/detail-annonce/460650/hyundai-i10-.html
HYUNDAI I10 2013;64000;2013;167 000;Manuelle;Essence;Hyundai;I10;Inezgane;https://www.moteur.ma/media/photos/ads/resized/hyundai-i10-206372.jpg;https://www.moteur.ma/fr/voiture/achat-voiture-occasion/detail-annonce/460483/hyundai-i10-2013.html
HYUNDAI I10;100000;2018;73 000;Manuelle;Essence;Hyundai;I10;Tanger;https://www.moteur.ma/media/photos/ads/resized/not_found_image_moteur.jpg;https://www.moteur.ma/fr/voiture/achat-voiture-occasion/detail-annonce/460353/hyundai-i10-.html
HYUNDAI I10 1.4;110000;2021;64 000;Manuelle;Essence;Hyundai;I10;Casablanca;https://www.moteur.ma/media/photos/ads/resized/hyundai-i-10-769026.jpg;https://www.moteur.ma/fr/voiture/achat-voiture-occasion/detail-annonce/476940/hyundai-i10-14.html
HYUNDAI I10;0;2022;19 000;Manuelle;Essence;Hyundai;I10;;https://www.moteur.ma/media/photos/ads/resized/hyundai-i-10-273569.jpg;https://www.moteur.ma/fr/voiture/achat-voiture-occasion/detail-annonce/471529/hyundai-i10-.html
HYUNDAI I10;0;2021;99 000;Manuelle;Essence;Hyundai;I10;;https://www.moteur.ma/media/photos/ads/resized/hyundai-i-10-343686.jpg;https://www.moteur.ma/fr/voiture/achat-voiture-occasion/detail-annonce/448047/hyundai-i10-.html
HYUNDAI I10;97000;2020;99 000;Manuelle;Essence;Hyundai;I10;Casablanca;https://www.moteur.ma/media/photos/ads/resized/hyundai-i-10-982146.jpg;https://www.moteur.ma/fr/voiture/achat-voiture-occasion/detail-annonce/480139/hyundai-i10-.html
HYUNDAI I10 Hyundai i10;80000;2017;114 000;Manuelle;Essence;Hyundai;I10;Nador;https://www.moteur.ma/media/photos/ads/resized/hyundai-i10-292419.jpg;https://www.moteur.ma/fr/voiture/achat-voiture-occasion/detail-annonce/480614/hyundai-i10-hyundai-i10.html
HYUNDAI I10;139000;2024;54 000;Manuelle;Essence;Hyundai;I10;Casablanca;https://www.moteur.ma/media/photos/ads/resized/hyundai-i-10-296691.jpg;https://www.moteur.ma/fr/voiture/achat-voiture-occasion/detail-annonce/478187/hyundai-i10-.html
HYUNDAI I10;130000;2021;58 000;Manuelle;Essence;Hyundai;I10;Tetouan;https://www.moteur.ma/media/photos/ads/resized/hyundai-i10-794361.jpeg;https://www.moteur.ma/fr/voiture/achat-voiture-occasion/detail-annonce/479887/hyundai-i10-.html
HYUNDAI I10 2017;87000;2017;54 000;Manuelle;Essence;Hyundai;I10;Tetouan;https://www.moteur.ma/media/photos/ads/resized/hyundai-i10-413807.jpg;https://www.moteur.ma/fr/voiture/achat-voiture-occasion/detail-annonce/479528/hyundai-i10-2017.html
HYUNDAI I10 2013;70000;2013;143 000;Manuelle;Essence;Hyundai;I10;Marrakech;https://www.moteur.ma/media/photos/ads/resized/hyundai-i10-645572.jpg;https://www.moteur.ma/fr/voiture/achat-voiture-occasion/detail-annonce/479365/hyundai-i10-2013.html
HYUNDAI I10;126000;2022;21 000;Manuelle;Essence;Hyundai;I10;Casablanca;https://www.moteur.ma/media/photos/ads/resized/hyundai-i10-458787.jpg;https://www.moteur.ma/fr/voiture/achat-voiture-occasion/detail-annonce/475375/hyundai-i10-.html
HYUNDAI I10 2019;105000;2019;144;Automatique;Essence;Hyundai;I10;Casablanca;https://www.moteur.ma/media/photos/ads/resized/hyundai-i10-549056.jpeg;https://www.moteur.ma/fr/voiture/achat-voiture-occasion/detail-annonce/472926/hyundai-i10-2019.html
HYUNDAI I10 Fin 2009;56000;2009;140 000;Manuelle;Essence;Hyundai;I10;Casablanca;https://www.moteur.ma/media/photos/ads/resized/hyundai-i10-556292.jpeg;https://www.moteur.ma/fr/voiture/achat-voiture-occasion/detail-annonce/472820/hyundai-i10-fin-2009.html
HYUNDAI I10 Fin 2009;56000;2009;140 000;Manuelle;Essence;Hyundai;I10;Casablanca;https://www.moteur.ma/media/photos/ads/resized/hyundai-i10-315263.jpeg;https://www.moteur.ma/fr/voiture/achat-voiture-occasion/detail-annonce/472821/hyundai-i10-fin-2009.html
HYUNDAI I10;80000;2016;109;Manuelle;Essence;Hyundai;I10;Casablanca;https://www.moteur.ma/media/photos/ads/resized/hyundai-i10-281386.jpeg;https://www.moteur.ma/fr/voiture/achat-voiture-occasion/detail-annonce/472097/hyundai-i10-.html
HYUNDAI I10;125000;2021;21 000;Manuelle;Essence;Hyundai;I10;Fes;https://www.moteur.ma/media/photos/ads/resized/hyundai-i10-418421.jpg;https://www.moteur.ma/fr/voiture/achat-voiture-occasion/detail-annonce/471714/hyundai-i10-.html
HYUNDAI I10;105000;2021;20 300;Manuelle;Essence;Hyundai;I10;Casablanca;https://www.moteur.ma/media/photos/ads/resized/hyundai-i10-598607.jpeg;https://www.moteur.ma/fr/voiture/achat-voiture-occasion/detail-annonce/471663/hyundai-i10-.html
HYUNDAI I10;70000;2016;119 000;Manuelle;Essence;Hyundai;I10;Sale;https://www.moteur.ma/media/photos/ads/resized/hyundai-i10-936656.jpg;https://www.moteur.ma/fr/voiture/achat-voiture-occasion/detail-annonce/470906/hyundai-i10-.html
HYUNDAI I10 2017;75000;2017;106 000;Manuelle;Essence;Hyundai;I10;Nador;https://www.moteur.ma/media/photos/ads/resized/hyundai-i10-226494.jpg;https://www.moteur.ma/fr/voiture/achat-voiture-occasion/detail-annonce/469205/hyundai-i10-2017.html
HYUNDAI I10;60000;2012;100 000;Manuelle;Essence;Hyundai;I10;Tanger;https://www.moteur.ma/media/photos/ads/resized/hyundai-i10-629205.jpeg;https://www.moteur.ma/fr/voiture/achat-voiture-occasion/detail-annonce/468708/hyundai-i10-.html
HYUNDAI I10 2010;56000;2010;136 000;Manuelle;Essence;Hyundai;I10;Agadir;https://www.moteur.ma/media/photos/ads/resized/hyundai-i10-727321.jpg;https://www.moteur.ma/fr/voiture/achat-voiture-occasion/detail-annonce/468340/hyundai-i10-2010.html
HYUNDAI I10 2010;53000;2010;136 000;Manuelle;Essence;Hyundai;I10;Agadir;https://www.moteur.ma/media/photos/ads/resized/hyundai-i10-179961.jpg;https://www.moteur.ma/fr/voiture/achat-voiture-occasion/detail-annonce/467715/hyundai-i10-2010.html
HYUNDAI I10 2013;68000;2013;157 000;Manuelle;Essence;Hyundai;I10;Tanger;https://www.moteur.ma/media/photos/ads/resized/hyundai-grand-i10-254069.jpg;https://www.moteur.ma/fr/voiture/achat-voiture-occasion/detail-annonce/465350/hyundai-i10-2013.html
HYUNDAI I10;58000;2009;170 000;Manuelle;Essence;Hyundai;I10;Casablanca;https://www.moteur.ma/media/photos/ads/resized/hyundai-i10-824458.jpeg;https://www.moteur.ma/fr/voiture/achat-voiture-occasion/detail-annonce/462605/hyundai-i10-.html
HYUNDAI I10 Manuel;128000;2023;27 000;Manuelle;Essence;Hyundai;I10;El jadida;https://www.moteur.ma/media/photos/ads/resized/hyundai-i10-101324.jpg;https://www.moteur.ma/fr/voiture/achat-voiture-occasion/detail-annonce/462451/hyundai-i10-manuel.html
HYUNDAI I10 2024;159000;2024;500;Automatique;Essence;Hyundai;I10;Casablanca;https://www.moteur.ma/media/photos/ads/resized/hyundai-i10-295430.jpg;https://www.moteur.ma/fr/voiture/achat-voiture-occasion/detail-annonce/462402/hyundai-i10-2024.html
HYUNDAI I10 2014;72000;2014;160 000;Manuelle;Essence;Hyundai;I10;Sale;https://www.moteur.ma/media/photos/ads/resized/hyundai-i10-358711.jpg;https://www.moteur.ma/fr/voiture/achat-voiture-occasion/detail-annonce/461721/hyundai-i10-2014.html
HYUNDAI I10;95000;2018;23 500;Manuelle;Essence;Hyundai;I10;Agadir;https://www.moteur.ma/media/photos/ads/resized/hyundai-i10-532350.jpg;https://www.moteur.ma/fr/voiture/achat-voiture-occasion/detail-annonce/461594/hyundai-i10-.html
HYUNDAI I10;128000;2021;19 000;Manuelle;Essence;Hyundai;I10;Casablanca;https://www.moteur.ma/media/photos/ads/resized/hyundai-i10-854612.jpg;https://www.moteur.ma/fr/voiture/achat-voiture-occasion/detail-annonce/460650/hyundai-i10-.html
HYUNDAI I10 2013;64000;2013;167 000;Manuelle;Essence;Hyundai;I10;Inezgane;https://www.moteur.ma/media/photos/ads/resized/hyundai-i10-206372.jpg;https://www.moteur.ma/fr/voiture/achat-voiture-occasion/detail-annonce/460483/hyundai-i10-2013.html
HYUNDAI I10;100000;2018;73 000;Manuelle;Essence;Hyundai;I10;Tanger;https://www.moteur.ma/media/photos/ads/resized/not_found_image_moteur.jpg;https://www.moteur.ma/fr/voiture/achat-voiture-occasion/detail-annonce/460353/hyundai-i10-.html
HYUNDAI I10 1.4;110000;2021;64 000;Manuelle;Essence;Hyundai;I10;Casablanca;https://www.moteur.ma/media/photos/ads/resized/hyundai-i-10-769026.jpg;https://www.moteur.ma/fr/voiture/achat-voiture-occasion/detail-annonce/476940/hyundai-i10-14.html
HYUNDAI I10;0;2022;19 000;Manuelle;Essence;Hyundai;I10;;https://www.moteur.ma/media/photos/ads/resized/hyundai-i-10-273569.jpg;https://www.moteur.ma/fr/voiture/achat-voiture-occasion/detail-annonce/471529/hyundai-i10-.html
HYUNDAI I10;0;2021;99 000;Manuelle;Essence;Hyundai;I10;;https://www.moteur.ma/media/photos/ads/resized/hyundai-i-10-343686.jpg;https://www.moteur.ma/fr/voiture/achat-voiture-occasion/detail-annonce/448047/hyundai-i10-.html
HYUNDAI I10;97000;2020;99 000;Manuelle;Essence;Hyundai;I10;Casablanca;https://www.moteur.ma/media/photos/ads/resized/hyundai-i-10-982146.jpg;https://www.moteur.ma/fr/voiture/achat-voiture-occasion/detail-annonce/480139/hyundai-i10-.html
HYUNDAI I10 Hyundai i10;80000;2017;114 000;Manuelle;Essence;Hyundai;I10;Nador;https://www.moteur.ma/media/photos/ads/resized/hyundai-i10-292419.jpg;https://www.moteur.ma/fr/voiture/achat-voiture-occasion/detail-annonce/480614/hyundai-i10-hyundai-i10.html
HYUNDAI I10;139000;2024;54 000;Manuelle;Essence;Hyundai;I10;Casablanca;https://www.moteur.ma/media/photos/ads/resized/hyundai-i-10-296691.jpg;https://www.moteur.ma/fr/voiture/achat-voiture-occasion/detail-annonce/478187/hyundai-i10-.html
HYUNDAI I10;130000;2021;58 000;Manuelle;Essence;Hyundai;I10;Tetouan;https://www.moteur.ma/media/photos/ads/resized/hyundai-i10-794361.jpeg;https://www.moteur.ma/fr/voiture/achat-voiture-occasion/detail-annonce/479887/hyundai-i10-.html
HYUNDAI I10 2017;87000;2017;54 000;Manuelle;Essence;Hyundai;I10;Tetouan;https://www.moteur.ma/media/photos/ads/resized/hyundai-i10-413807.jpg;https://www.moteur.ma/fr/voiture/achat-voiture-occasion/detail-annonce/479528/hyundai-i10-2017.html
HYUNDAI I10 2013;70000;2013;143 000;Manuelle;Essence;Hyundai;I10;Marrakech;https://www.moteur.ma/media/photos/ads/resized/hyundai-i10-645572.jpg;https://www.moteur.ma/fr/voiture/achat-voiture-occasion/detail-annonce/479365/hyundai-i10-2013.html
HYUNDAI I10;126000;2022;21 000;Manuelle;Essence;Hyundai;I10;Casablanca;https://www.moteur.ma/media/photos/ads/resized/hyundai-i10-458787.jpg;https://www.moteur.ma/fr/voiture/achat-voiture-occasion/detail-annonce/475375/hyundai-i10-.html
HYUNDAI I10 2019;105000;2019;144;Automatique;Essence;Hyundai;I10;Casablanca;https://www.moteur.ma/media/photos/ads/resized/hyundai-i10-549056.jpeg;https://www.moteur.ma/fr/voiture/achat-voiture-occasion/detail-annonce/472926/hyundai-i10-2019.html
HYUNDAI I10 Fin 2009;56000;2009;140 000;Manuelle;Essence;Hyundai;I10;Casablanca;https://www.moteur.ma/media/photos/ads/resized/hyundai-i10-556292.jpeg;https://www.moteur.ma/fr/voiture/achat-voiture-occasion/detail-annonce/472820/hyundai-i10-fin-2009.html
HYUNDAI I10 Fin 2009;56000;2009;140 000;Manuelle;Essence;Hyundai;I10;Casablanca;https://www.moteur.ma/media/photos/ads/resized/hyundai-i10-315263.jpeg;https://www.moteur.ma/fr/voiture/achat-voiture-occasion/detail-annonce/472821/hyundai-i10-fin-2009.html
HYUNDAI I10;80000;2016;109;Manuelle;Essence;Hyundai;I10;Casablanca;https://www.moteur.ma/media/photos/ads/resized/hyundai-i10-281386.jpeg;https://www.moteur.ma/fr/voiture/achat-voiture-occasion/detail-annonce/472097/hyundai-i10-.html
HYUNDAI I10;125000;2021;21 000;Manuelle;Essence;Hyundai;I10;Fes;https://www.moteur.ma/media/photos/ads/resized/hyundai-i10-418421.jpg;https://www.moteur.ma/fr/voiture/achat-voiture-occasion/detail-annonce/471714/hyundai-i10-.html
HYUNDAI I10;105000;2021;20 300;Manuelle;Essence;Hyundai;I10;Casablanca;https://www.moteur.ma/media/photos/ads/resized/hyundai-i10-598607.jpeg;https://www.moteur.ma/fr/voiture/achat-voiture-occasion/detail-annonce/471663/hyundai-i10-.html
HYUNDAI I10;70000;2016;119 000;Manuelle;Essence;Hyundai;I10;Sale;https://www.moteur.ma/media/photos/ads/resized/hyundai-i10-936656.jpg;https://www.moteur.ma/fr/voiture/achat-voiture-occasion/detail-annonce/470906/hyundai-i10-.html
HYUNDAI I10 2017;75000;2017;106 000;Manuelle;Essence;Hyundai;I10;Nador;https://www.moteur.ma/media/photos/ads/resized/hyundai-i10-226494.jpg;https://www.moteur.ma/fr/voiture/achat-voiture-occasion/detail-annonce/469205/hyundai-i10-2017.html
HYUNDAI I10;60000;2012;100 000;Manuelle;Essence;Hyundai;I10;Tanger;https://www.moteur.ma/media/photos/ads/resized/hyundai-i10-629205.jpeg;https://www.moteur.ma/fr/voiture/achat-voiture-occasion/detail-annonce/468708/hyundai-i10-.html
HYUNDAI I10 2010;56000;2010;136 000;Manuelle;Essence;Hyundai;I10;Agadir;https://www.moteur.ma/media/photos/ads/resized/hyundai-i10-727321.jpg;https://www.moteur.ma/fr/voiture/achat-voiture-occasion/detail-annonce/468340/hyundai-i10-2010.html
HYUNDAI I10 2010;53000;2010;136 000;Manuelle;Essence;Hyundai;I10;Agadir;https://www.moteur.ma/media/photos/ads/resized/hyundai-i10-179961.jpg;https://www.moteur.ma/fr/voiture/achat-voiture-occasion/detail-annonce/467715/hyundai-i10-2010.html
HYUNDAI I10 2013;68000;2013;157 000;Manuelle;Essence;Hyundai;I10;Tanger;https://www.moteur.ma/media/photos/ads/resized/hyundai-grand-i10-254069.jpg;https://www.moteur.ma/fr/voiture/achat-voiture-occasion/detail-annonce/465350/hyundai-i10-2013.html
HYUNDAI I10;58000;2009;170 000;Manuelle;Essence;Hyundai;I10;Casablanca;https://www.moteur.ma/media/photos/ads/resized/hyundai-i10-824458.jpeg;https://www.moteur.ma/fr/voiture/achat-voiture-occasion/detail-annonce/462605/hyundai-i10-.html
HYUNDAI I10 Manuel;128000;2023;27 000;Manuelle;Essence;Hyundai;I10;El jadida;https://www.moteur.ma/media/photos/ads/resized/hyundai-i10-101324.jpg;https://www.moteur.ma/fr/voiture/achat-voiture-occasion/detail-annonce/462451/hyundai-i10-manuel.html
HYUNDAI I10 2024;159000;2024;500;Automatique;Essence;Hyundai;I10;Casablanca;https://www.moteur.ma/media/photos/ads/resized/hyundai-i10-295430.jpg;https://www.moteur.ma/fr/voiture/achat-voiture-occasion/detail-annonce/462402/hyundai-i10-2024.html
HYUNDAI I10 2014;72000;2014;160 000;Manuelle;Essence;Hyundai;I10;Sale;https://www.moteur.ma/media/photos/ads/resized/hyundai-i10-358711.jpg;https://www.moteur.ma/fr/voiture/achat-voiture-occasion/detail-annonce/461721/hyundai-i10-2014.html
HYUNDAI I10;95000;2018;23 500;Manuelle;Essence;Hyundai;I10;Agadir;https://www.moteur.ma/media/photos/ads/resized/hyundai-i10-532350.jpg;https://www.moteur.ma/fr/voiture/achat-voiture-occasion/detail-annonce/461594/hyundai-i10-.html
HYUNDAI I10;128000;2021;19 000;Manuelle;Essence;Hyundai;I10;Casablanca;https://www.moteur.ma/media/photos/ads/resized/hyundai-i10-854612.jpg;https://www.moteur.ma/fr/voiture/achat-voiture-occasion/detail-annonce/460650/hyundai-i10-.html
HYUNDAI I10 2013;64000;2013;167 000;Manuelle;Essence;Hyundai;I10;Inezgane;https://www.moteur.ma/media/photos/ads/resized/hyundai-i10-206372.jpg;https://www.moteur.ma/fr/voiture/achat-voiture-occasion/detail-annonce/460483/hyundai-i10-2013.html
HYUNDAI I10;100000;2018;73 000;Manuelle;Essence;Hyundai;I10;Tanger;https://www.moteur.ma/media/photos/ads/resized/not_found_image_moteur.jpg;https://www.moteur.ma/fr/voiture/achat-voiture-occasion/detail-annonce/460353/hyundai-i10-.html
HYUNDAI I10 1.4;110000;2021;64 000;Manuelle;Essence;Hyundai;I10;Casablanca;https://www.moteur.ma/media/photos/ads/resized/hyundai-i-10-769026.jpg;https://www.moteur.ma/fr/voiture/achat-voiture-occasion/detail-annonce/476940/hyundai-i10-14.html
HYUNDAI I10;0;2022;19 000;Manuelle;Essence;Hyundai;I10;;https://www.moteur.ma/media/photos/ads/resized/hyundai-i-10-273569.jpg;https://www.moteur.ma/fr/voiture/achat-voiture-occasion/detail-annonce/471529/hyundai-i10-.html
HYUNDAI I10;0;2021;99 000;Manuelle;Essence;Hyundai;I10;;https://www.moteur.ma/media/photos/ads/resized/hyundai-i-10-343686.jpg;https://www.moteur.ma/fr/voiture/achat-voiture-occasion/detail-annonce/448047/hyundai-i10-.html
HYUNDAI I10;97000;2020;99 000;Manuelle;Essence;Hyundai;I10;Casablanca;https://www.moteur.ma/media/photos/ads/resized/hyundai-i-10-982146.jpg;https://www.moteur.ma/fr/voiture/achat-voiture-occasion/detail-annonce/480139/hyundai-i10-.html
HYUNDAI I10 Hyundai i10;80000;2017;114 000;Manuelle;Essence;Hyundai;I10;Nador;https://www.moteur.ma/media/photos/ads/resized/hyundai-i10-292419.jpg;https://www.moteur.ma/fr/voiture/achat-voiture-occasion/detail-annonce/480614/hyundai-i10-hyundai-i10.html
HYUNDAI I10;139000;2024;54 000;Manuelle;Essence;Hyundai;I10;Casablanca;https://www.moteur.ma/media/photos/ads/resized/hyundai-i-10-296691.jpg;https://www.moteur.ma/fr/voiture/achat-voiture-occasion/detail-annonce/478187/hyundai-i10-.html
HYUNDAI I10;130000;2021;58 000;Manuelle;Essence;Hyundai;I10;Tetouan;https://www.moteur.ma/media/photos/ads/resized/hyundai-i10-794361.jpeg;https://www.moteur.ma/fr/voiture/achat-voiture-occasion/detail-annonce/479887/hyundai-i10-.html
HYUNDAI I10 2017;87000;2017;54 000;Manuelle;Essence;Hyundai;I10;Tetouan;https://www.moteur.ma/media/photos/ads/resized/hyundai-i10-413807.jpg;https://www.moteur.ma/fr/voiture/achat-voiture-occasion/detail-annonce/479528/hyundai-i10-2017.html
HYUNDAI I10 2013;70000;2013;143 000;Manuelle;Essence;Hyundai;I10;Marrakech;https://www.moteur.ma/media/photos/ads/resized/hyundai-i10-645572.jpg;https://www.moteur.ma/fr/voiture/achat-voiture-occasion/detail-annonce/479365/hyundai-i10-2013.html
HYUNDAI I10;126000;2022;21 000;Manuelle;Essence;Hyundai;I10;Casablanca;https://www.moteur.ma/media/photos/ads/resized/hyundai-i10-458787.jpg;https://www.moteur.ma/fr/voiture/achat-voiture-occasion/detail-annonce/475375/hyundai-i10-.html
HYUNDAI I10 2019;105000;2019;144;Automatique;Essence;Hyundai;I10;Casablanca;https://www.moteur.ma/media/photos/ads/resized/hyundai-i10-549056.jpeg;https://www.moteur.ma/fr/voiture/achat-voiture-occasion/detail-annonce/472926/hyundai-i10-2019.html
HYUNDAI I10 Fin 2009;56000;2009;140 000;Manuelle;Essence;Hyundai;I10;Casablanca;https://www.moteur.ma/media/photos/ads/resized/hyundai-i10-556292.jpeg;https://www.moteur.ma/fr/voiture/achat-voiture-occasion/detail-annonce/472820/hyundai-i10-fin-2009.html
HYUNDAI I10 Fin 2009;56000;2009;140 000;Manuelle;Essence;Hyundai;I10;Casablanca;https://www.moteur.ma/media/photos/ads/resized/hyundai-i10-315263.jpeg;https://www.moteur.ma/fr/voiture/achat-voiture-occasion/detail-annonce/472821/hyundai-i10-fin-2009.html
HYUNDAI I10;80000;2016;109;Manuelle;Essence;Hyundai;I10;Casablanca;https://www.moteur.ma/media/photos/ads/resized/hyundai-i10-281386.jpeg;https://www.moteur.ma/fr/voiture/achat-voiture-occasion/detail-annonce/472097/hyundai-i10-.html
HYUNDAI I10;125000;2021;21 000;Manuelle;Essence;Hyundai;I10;Fes;https://www.moteur.ma/media/photos/ads/resized/hyundai-i10-418421.jpg;https://www.moteur.ma/fr/voiture/achat-voiture-occasion/detail-annonce/471714/hyundai-i10-.html
HYUNDAI I10;105000;2021;20 300;Manuelle;Essence;Hyundai;I10;Casablanca;https://www.moteur.ma/media/photos/ads/resized/hyundai-i10-598607.jpeg;https://www.moteur.ma/fr/voiture/achat-voiture-occasion/detail-annonce/471663/hyundai-i10-.html
HYUNDAI I10;70000;2016;119 000;Manuelle;Essence;Hyundai;I10;Sale;https://www.moteur.ma/media/photos/ads/resized/hyundai-i10-936656.jpg;https://www.moteur.ma/fr/voiture/achat-voiture-occasion/detail-annonce/470906/hyundai-i10-.html
HYUNDAI I10 2017;75000;2017;106 000;Manuelle;Essence;Hyundai;I10;Nador;https://www.moteur.ma/media/photos/ads/resized/hyundai-i10-226494.jpg;https://www.moteur.ma/fr/voiture/achat-voiture-occasion/detail-annonce/469205/hyundai-i10-2017.html
HYUNDAI I10;60000;2012;100 000;Manuelle;Essence;Hyundai;I10;Tanger;https://www.moteur.ma/media/photos/ads/resized/hyundai-i10-629205.jpeg;https://www.moteur.ma/fr/voiture/achat-voiture-occasion/detail-annonce/468708/hyundai-i10-.html
HYUNDAI I10 2010;56000;2010;136 000;Manuelle;Essence;Hyundai;I10;Agadir;https://www.moteur.ma/media/photos/ads/resized/hyundai-i10-727321.jpg;https://www.moteur.ma/fr/voiture/achat-voiture-occasion/detail-annonce/468340/hyundai-i10-2010.html
HYUNDAI I10 2010;53000;2010;136 000;Manuelle;Essence;Hyundai;I10;Agadir;https://www.moteur.ma/media/photos/ads/resized/hyundai-i10-179961.jpg;https://www.moteur.ma/fr/voiture/achat-voiture-occasion/detail-annonce/467715/hyundai-i10-2010.html
HYUNDAI I10 2013;68000;2013;157 000;Manuelle;Essence;Hyundai;I10;Tanger;https://www.moteur.ma/media/photos/ads/resized/hyundai-grand-i10-254069.jpg;https://www.moteur.ma/fr/voiture/achat-voiture-occasion/detail-annonce/465350/hyundai-i10-2013.html
HYUNDAI I10;58000;2009;170 000;Manuelle;Essence;Hyundai;I10;Casablanca;https://www.moteur.ma/media/photos/ads/resized/hyundai-i10-824458.jpeg;https://www.moteur.ma/fr/voiture/achat-voiture-occasion/detail-annonce/462605/hyundai-i10-.html
HYUNDAI I10 Manuel;128000;2023;27 000;Manuelle;Essence;Hyundai;I10;El jadida;https://www.moteur.ma/media/photos/ads/resized/hyundai-i10-101324.jpg;https://www.moteur.ma/fr/voiture/achat-voiture-occasion/detail-annonce/462451/hyundai-i10-manuel.html
HYUNDAI I10 2024;159000;2024;500;Automatique;Essence;Hyundai;I10;Casablanca;https://www.moteur.ma/media/photos/ads/resized/hyundai-i10-295430.jpg;https://www.moteur.ma/fr/voiture/achat-voiture-occasion/detail-annonce/462402/hyundai-i10-2024.html
HYUNDAI I10 2014;72000;2014;160 000;Manuelle;Essence;Hyundai;I10;Sale;https://www.moteur.ma/media/photos/ads/resized/hyundai-i10-358711.jpg;https://www.moteur.ma/fr/voiture/achat-voiture-occasion/detail-annonce/461721/hyundai-i10-2014.html
HYUNDAI I10;95000;2018;23 500;Manuelle;Essence;Hyundai;I10;Agadir;https://www.moteur.ma/media/photos/ads/resized/hyundai-i10-532350.jpg;https://www.moteur.ma/fr/voiture/achat-voiture-occasion/detail-annonce/461594/hyundai-i10-.html
HYUNDAI I10;128000;2021;19 000;Manuelle;Essence;Hyundai;I10;Casablanca;https://www.moteur.ma/media/photos/ads/resized/hyundai-i10-854612.jpg;https://www.moteur.ma/fr/voiture/achat-voiture-occasion/detail-annonce/460650/hyundai-i10-.html
HYUNDAI I10 2013;64000;2013;167 000;Manuelle;Essence;Hyundai;I10;Inezgane;https://www.moteur.ma/media/photos/ads/resized/hyundai-i10-206372.jpg;https://www.moteur.ma/fr/voiture/achat-voiture-occasion/detail-annonce/460483/hyundai-i10-2013.html
HYUNDAI I10;100000;2018;73 000;Manuelle;Essence;Hyundai;I10;Tanger;https://www.moteur.ma/media/photos/ads/resized/not_found_image_moteur.jpg;https://www.moteur.ma/fr/voiture/achat-voiture-occasion/detail-annonce/460353/hyundai-i10-.html
