Titre;Prix;Année;Kilometrage;Boite;Carburant;Marque;Modele;Ville;Image;Lien
VOLKSWAGEN T-roc;339000;2024;24 000;Automatique;Diesel;Volkswagen;T Roc;Casablanca;https://www.moteur.ma/media/photos/ads/resized/volkswagen-t-roc-509370.jpg;https://www.moteur.ma/fr/voiture/achat-voiture-occasion/detail-annonce/480155/volkswagen-t-roc-.html
VOLKSWAGEN T-roc;275000;2023;94 000;Automatique;Diesel;Volkswagen;T Roc;Casablanca;https://www.moteur.ma/media/photos/ads/resized/volkswagen-t-roc-461763.jpg;https://www.moteur.ma/fr/voiture/achat-voiture-occasion/detail-annonce/467880/volkswagen-t-roc-.html
VOLKSWAGEN T-roc;0;2025;4 000;Automatique;Diesel;Volkswagen;T Roc;;https://www.moteur.ma/media/photos/ads/resized/volkswagen-t-roc-646571.jpg;https://www.moteur.ma/fr/voiture/achat-voiture-occasion/detail-annonce/468953/volkswagen-t-roc-.html
VOLKSWAGEN T-roc;0;2023;64 000;Automatique;Diesel;Volkswagen;T Roc;;https://www.moteur.ma/media/photos/ads/resized/volkswagen-t-roc-245681.jpg;https://www.moteur.ma/fr/voiture/achat-voiture-occasion/detail-annonce/464556/volkswagen-t-roc-.html
VOLKSWAGEN T-roc;0;2021;64 000;Automatique;Diesel;Volkswagen;T Roc;;https://www.moteur.ma/media/photos/ads/resized/volkswagen-t-roc-542338.jpg;https://www.moteur.ma/fr/voiture/achat-voiture-occasion/detail-annonce/471669/volkswagen-t-roc-.html
VOLKSWAGEN T-roc 4motion r line…;0;2023;700;Automatique;Diesel;Volkswagen;T Roc;;https://www.moteur.ma/media/photos/ads/resized/volkswagen-t-roc-162894.JPG;https://www.moteur.ma/fr/voiture/achat-voiture-occasion/detail-annonce/411941/volkswagen-t-roc-4motion-r-line-importee-neuve.html
VOLKSWAGEN T-roc;0;2024;69 000;Automatique;Diesel;Volkswagen;T Roc;;https://www.moteur.ma/media/photos/ads/resized/volkswagen-t-roc-668492.jpg;https://www.moteur.ma/fr/voiture/achat-voiture-occasion/detail-annonce/480271/volkswagen-t-roc-.html
VOLKSWAGEN T-roc;0;2023;69 000;Automatique;Diesel;Volkswagen;T Roc;;https://www.moteur.ma/media/photos/ads/resized/volkswagen-t-roc-650200.jpg;https://www.moteur.ma/fr/voiture/achat-voiture-occasion/detail-annonce/479103/volkswagen-t-roc-.html
VOLKSWAGEN T-roc 4motion r line…;0;2023;N/A;Automatique;Diesel;Volkswagen;T Roc;;https://www.moteur.ma/media/photos/ads/resized/volkswagen-t-roc-882834.JPG;https://www.moteur.ma/fr/voiture/achat-voiture-occasion/detail-annonce/411938/volkswagen-t-roc-4motion-r-line-importee-neuve.html
VOLKSWAGEN T-roc;320000;2023;109 000;Automatique;Diesel;Volkswagen;T Roc;Casablanca;https://www.moteur.ma/media/photos/ads/resized/volkswagen-t-roc-353164.jpg;https://www.moteur.ma/fr/voiture/achat-voiture-occasion/detail-annonce/479655/volkswagen-t-roc-.html
VOLKSWAGEN T-roc;0;2023;149 000;Automatique;Diesel;Volkswagen;T Roc;;https://www.moteur.ma/media/photos/ads/resized/volkswagen-t-roc-464617.jpg;https://www.moteur.ma/fr/voiture/achat-voiture-occasion/detail-annonce/478700/volkswagen-t-roc-.html
VOLKSWAGEN T-roc X-trême 2024;0;2024;30 000;Automatique;Diesel;Volkswagen;T Roc;;https://www.moteur.ma/media/photos/ads/resized/volkswagen-t-roc-447364.jpeg;https://www.moteur.ma/fr/voiture/achat-voiture-occasion/detail-annonce/480133/volkswagen-t-roc-x-treme-2024.html
VOLKSWAGEN T-roc X-trême 2024;0;2024;29 000;Automatique;Diesel;Volkswagen;T Roc;;https://www.moteur.ma/media/photos/ads/resized/volkswagen-t-roc-528278.jpg;https://www.moteur.ma/fr/voiture/achat-voiture-occasion/detail-annonce/471323/volkswagen-t-roc-x-treme-2024.html
VOLKSWAGEN T-roc;0;2020;24 000;Automatique;Essence;Volkswagen;T Roc;;https://www.moteur.ma/media/photos/ads/resized/volkswagen-t-roc-575350.jpg;https://www.moteur.ma/fr/voiture/achat-voiture-occasion/detail-annonce/479030/volkswagen-t-roc-.html
VOLKSWAGEN T-roc;319000;2023;139 000;Automatique;Diesel;Volkswagen;T Roc;Casablanca;https://www.moteur.ma/media/photos/ads/resized/volkswagen-t-roc-709911.jpg;https://www.moteur.ma/fr/voiture/achat-voiture-occasion/detail-annonce/478198/volkswagen-t-roc-.html
VOLKSWAGEN T-roc;296000;2023;54 000;Automatique;Diesel;Volkswagen;T Roc;Casablanca;https://www.moteur.ma/media/photos/ads/resized/volkswagen-t-roc-926565.jpg;https://www.moteur.ma/fr/voiture/achat-voiture-occasion/detail-annonce/477014/volkswagen-t-roc-.html
VOLKSWAGEN T-roc;0;2025;4 000;Automatique;Diesel;Volkswagen;T Roc;;https://www.moteur.ma/media/photos/ads/resized/volkswagen-t-roc-389912.jpg;https://www.moteur.ma/fr/voiture/achat-voiture-occasion/detail-annonce/469484/volkswagen-t-roc-.html
VOLKSWAGEN T-roc Sport;305000;2023;31 000;Automatique;Diesel;Volkswagen;T Roc;Casablanca;https://www.moteur.ma/media/photos/ads/resized/volkswagen-t-roc-962975.jpeg;https://www.moteur.ma/fr/voiture/achat-voiture-occasion/detail-annonce/480462/volkswagen-t-roc-sport.html
VOLKSWAGEN T-roc;325000;2021;99 000;Automatique;Diesel;Volkswagen;T Roc;Casablanca;https://www.moteur.ma/media/photos/ads/resized/volkswagen-t-roc-700322.jpg;https://www.moteur.ma/fr/voiture/achat-voiture-occasion/detail-annonce/475797/volkswagen-t-roc-.html
VOLKSWAGEN T-roc;0;2023;109 000;Automatique;Diesel;Volkswagen;T Roc;;https://www.moteur.ma/media/photos/ads/resized/volkswagen-t-roc-991278.jpg;https://www.moteur.ma/fr/voiture/achat-voiture-occasion/detail-annonce/472005/volkswagen-t-roc-.html
VOLKSWAGEN T-roc;330000;2024;24 000;Automatique;Diesel;Volkswagen;T Roc;Rabat;https://www.moteur.ma/media/photos/ads/resized/volkswagen-t-roc-681098.jpg;https://www.moteur.ma/fr/voiture/achat-voiture-occasion/detail-annonce/479007/volkswagen-t-roc-.html
VOLKSWAGEN T-roc;0;2021;119 000;Automatique;Diesel;Volkswagen;T Roc;;https://www.moteur.ma/media/photos/ads/resized/volkswagen-t-roc-631727.jpg;https://www.moteur.ma/fr/voiture/achat-voiture-occasion/detail-annonce/478960/volkswagen-t-roc-.html
VOLKSWAGEN T-roc;0;2023;74 000;Automatique;Diesel;Volkswagen;T Roc;;https://www.moteur.ma/media/photos/ads/resized/volkswagen-t-roc-118357.jpg;https://www.moteur.ma/fr/voiture/achat-voiture-occasion/detail-annonce/478681/volkswagen-t-roc-.html
VOLKSWAGEN T-roc Style sport;285000;2021;91 000;Automatique;Diesel;Volkswagen;T Roc;Casablanca;https://www.moteur.ma/media/photos/ads/resized/volkswagen-t-roc-176537.jpeg;https://www.moteur.ma/fr/voiture/achat-voiture-occasion/detail-annonce/478000/volkswagen-t-roc-style-sport.html
VOLKSWAGEN T-roc Sport;310000;2021;90 000;Automatique;Diesel;Volkswagen;T Roc;Casablanca;https://www.moteur.ma/media/photos/ads/resized/volkswagen-t-roc-653106.jpeg;https://www.moteur.ma/fr/voiture/achat-voiture-occasion/detail-annonce/477138/volkswagen-t-roc-sport.html
VOLKSWAGEN T-roc;320000;2023;24 000;Automatique;Diesel;Volkswagen;T Roc;Rabat;https://www.moteur.ma/media/photos/ads/resized/volkswagen-t-roc-386975.jpg;https://www.moteur.ma/fr/voiture/achat-voiture-occasion/detail-annonce/477146/volkswagen-t-roc-.html
VOLKSWAGEN T-roc 2.0;300000;2022;115 000;Automatique;Diesel;Volkswagen;T Roc;Laayoune;https://www.moteur.ma/media/photos/ads/resized/volkswagen-t-roc-613338.jpg;https://www.moteur.ma/fr/voiture/achat-voiture-occasion/detail-annonce/475395/volkswagen-t-roc-20.html
VOLKSWAGEN T-roc;379000;2025;4 000;Automatique;Diesel;Volkswagen;T Roc;Rabat;https://www.moteur.ma/media/photos/ads/resized/volkswagen-t-roc-838793.jpg;https://www.moteur.ma/fr/voiture/achat-voiture-occasion/detail-annonce/474167/volkswagen-t-roc-.html
VOLKSWAGEN T-roc Sport;330000;2023;44 000;Automatique;Diesel;Volkswagen;T Roc;Kenitra;https://www.moteur.ma/media/photos/ads/resized/volkswagen-t-roc-260278.jpeg;https://www.moteur.ma/fr/voiture/achat-voiture-occasion/detail-annonce/474110/volkswagen-t-roc-sport.html
VOLKSWAGEN T-roc Volkswagen t-roc;299000;2021;84 000;Automatique;Essence;Volkswagen;T Roc;Tetouan;https://www.moteur.ma/media/photos/ads/resized/volkswagen-t-roc-750856.jpg;https://www.moteur.ma/fr/voiture/achat-voiture-occasion/detail-annonce/472396/volkswagen-t-roc-volkswagen-t-roc.html
VOLKSWAGEN T-roc;339000;2024;24 000;Automatique;Diesel;Volkswagen;T Roc;Casablanca;https://www.moteur.ma/media/photos/ads/resized/volkswagen-t-roc-509370.jpg;https://www.moteur.ma/fr/voiture/achat-voiture-occasion/detail-annonce/480155/volkswagen-t-roc-.html
VOLKSWAGEN T-roc;275000;2023;94 000;Automatique;Diesel;Volkswagen;T Roc;Casablanca;https://www.moteur.ma/media/photos/ads/resized/volkswagen-t-roc-461763.jpg;https://www.moteur.ma/fr/voiture/achat-voiture-occasion/detail-annonce/467880/volkswagen-t-roc-.html
VOLKSWAGEN T-roc;0;2025;4 000;Automatique;Diesel;Volkswagen;T Roc;;https://www.moteur.ma/media/photos/ads/resized/volkswagen-t-roc-646571.jpg;https://www.moteur.ma/fr/voiture/achat-voiture-occasion/detail-annonce/468953/volkswagen-t-roc-.html
VOLKSWAGEN T-roc;0;2023;64 000;Automatique;Diesel;Volkswagen;T Roc;;https://www.moteur.ma/media/photos/ads/resized/volkswagen-t-roc-245681.jpg;https://www.moteur.ma/fr/voiture/achat-voiture-occasion/detail-annonce/464556/volkswagen-t-roc-.html
VOLKSWAGEN T-roc;0;2021;64 000;Automatique;Diesel;Volkswagen;T Roc;;https://www.moteur.ma/media/photos/ads/resized/volkswagen-t-roc-542338.jpg;https://www.moteur.ma/fr/voiture/achat-voiture-occasion/detail-annonce/471669/volkswagen-t-roc-.html
VOLKSWAGEN T-roc 4motion r line…;0;2023;700;Automatique;Diesel;Volkswagen;T Roc;;https://www.moteur.ma/media/photos/ads/resized/volkswagen-t-roc-162894.JPG;https://www.moteur.ma/fr/voiture/achat-voiture-occasion/detail-annonce/411941/volkswagen-t-roc-4motion-r-line-importee-neuve.html
VOLKSWAGEN T-roc;0;2024;69 000;Automatique;Diesel;Volkswagen;T Roc;;https://www.moteur.ma/media/photos/ads/resized/volkswagen-t-roc-668492.jpg;https://www.moteur.ma/fr/voiture/achat-voiture-occasion/detail-annonce/480271/volkswagen-t-roc-.html
VOLKSWAGEN T-roc;0;2023;69 000;Automatique;Diesel;Volkswagen;T Roc;;https://www.moteur.ma/media/photos/ads/resized/volkswagen-t-roc-650200.jpg;https://www.moteur.ma/fr/voiture/achat-voiture-occasion/detail-annonce/479103/volkswagen-t-roc-.html
VOLKSWAGEN T-roc 4motion r line…;0;2023;N/A;Automatique;Diesel;Volkswagen;T Roc;;https://www.moteur.ma/media/photos/ads/resized/volkswagen-t-roc-882834.JPG;https://www.moteur.ma/fr/voiture/achat-voiture-occasion/detail-annonce/411938/volkswagen-t-roc-4motion-r-line-importee-neuve.html
VOLKSWAGEN T-roc;320000;2023;109 000;Automatique;Diesel;Volkswagen;T Roc;Casablanca;https://www.moteur.ma/media/photos/ads/resized/volkswagen-t-roc-353164.jpg;https://www.moteur.ma/fr/voiture/achat-voiture-occasion/detail-annonce/479655/volkswagen-t-roc-.html
VOLKSWAGEN T-roc;0;2023;149 000;Automatique;Diesel;Volkswagen;T Roc;;https://www.moteur.ma/media/photos/ads/resized/volkswagen-t-roc-464617.jpg;https://www.moteur.ma/fr/voiture/achat-voiture-occasion/detail-annonce/478700/volkswagen-t-roc-.html
VOLKSWAGEN T-roc X-trême 2024;0;2024;30 000;Automatique;Diesel;Volkswagen;T Roc;;https://www.moteur.ma/media/photos/ads/resized/volkswagen-t-roc-447364.jpeg;https://www.moteur.ma/fr/voiture/achat-voiture-occasion/detail-annonce/480133/volkswagen-t-roc-x-treme-2024.html
VOLKSWAGEN T-roc X-trême 2024;0;2024;29 000;Automatique;Diesel;Volkswagen;T Roc;;https://www.moteur.ma/media/photos/ads/resized/volkswagen-t-roc-528278.jpg;https://www.moteur.ma/fr/voiture/achat-voiture-occasion/detail-annonce/471323/volkswagen-t-roc-x-treme-2024.html
VOLKSWAGEN T-roc;0;2020;24 000;Automatique;Essence;Volkswagen;T Roc;;https://www.moteur.ma/media/photos/ads/resized/volkswagen-t-roc-575350.jpg;https://www.moteur.ma/fr/voiture/achat-voiture-occasion/detail-annonce/479030/volkswagen-t-roc-.html
VOLKSWAGEN T-roc;319000;2023;139 000;Automatique;Diesel;Volkswagen;T Roc;Casablanca;https://www.moteur.ma/media/photos/ads/resized/volkswagen-t-roc-709911.jpg;https://www.moteur.ma/fr/voiture/achat-voiture-occasion/detail-annonce/478198/volkswagen-t-roc-.html
VOLKSWAGEN T-roc;296000;2023;54 000;Automatique;Diesel;Volkswagen;T Roc;Casablanca;https://www.moteur.ma/media/photos/ads/resized/volkswagen-t-roc-926565.jpg;https://www.moteur.ma/fr/voiture/achat-voiture-occasion/detail-annonce/477014/volkswagen-t-roc-.html
VOLKSWAGEN T-roc;0;2025;4 000;Automatique;Diesel;Volkswagen;T Roc;;https://www.moteur.ma/media/photos/ads/resized/volkswagen-t-roc-389912.jpg;https://www.moteur.ma/fr/voiture/achat-voiture-occasion/detail-annonce/469484/volkswagen-t-roc-.html
VOLKSWAGEN T-roc Sport;305000;2023;31 000;Automatique;Diesel;Volkswagen;T Roc;Casablanca;https://www.moteur.ma/media/photos/ads/resized/volkswagen-t-roc-962975.jpeg;https://www.moteur.ma/fr/voiture/achat-voiture-occasion/detail-annonce/480462/volkswagen-t-roc-sport.html
VOLKSWAGEN T-roc;325000;2021;99 000;Automatique;Diesel;Volkswagen;T Roc;Casablanca;https://www.moteur.ma/media/photos/ads/resized/volkswagen-t-roc-700322.jpg;https://www.moteur.ma/fr/voiture/achat-voiture-occasion/detail-annonce/475797/volkswagen-t-roc-.html
VOLKSWAGEN T-roc;0;2023;109 000;Automatique;Diesel;Volkswagen;T Roc;;https://www.moteur.ma/media/photos/ads/resized/volkswagen-t-roc-991278.jpg;https://www.moteur.ma/fr/voiture/achat-voiture-occasion/detail-annonce/472005/volkswagen-t-roc-.html
VOLKSWAGEN T-roc;330000;2024;24 000;Automatique;Diesel;Volkswagen;T Roc;Rabat;https://www.moteur.ma/media/photos/ads/resized/volkswagen-t-roc-681098.jpg;https://www.moteur.ma/fr/voiture/achat-voiture-occasion/detail-annonce/479007/volkswagen-t-roc-.html
VOLKSWAGEN T-roc;0;2021;119 000;Automatique;Diesel;Volkswagen;T Roc;;https://www.moteur.ma/media/photos/ads/resized/volkswagen-t-roc-631727.jpg;https://www.moteur.ma/fr/voiture/achat-voiture-occasion/detail-annonce/478960/volkswagen-t-roc-.html
VOLKSWAGEN T-roc;0;2023;74 000;Automatique;Diesel;Volkswagen;T Roc;;https://www.moteur.ma/media/photos/ads/resized/volkswagen-t-roc-118357.jpg;https://www.moteur.ma/fr/voiture/achat-voiture-occasion/detail-annonce/478681/volkswagen-t-roc-.html
VOLKSWAGEN T-roc Style sport;285000;2021;91 000;Automatique;Diesel;Volkswagen;T Roc;Casablanca;https://www.moteur.ma/media/photos/ads/resized/volkswagen-t-roc-176537.jpeg;https://www.moteur.ma/fr/voiture/achat-voiture-occasion/detail-annonce/478000/volkswagen-t-roc-style-sport.html
VOLKSWAGEN T-roc Sport;310000;2021;90 000;Automatique;Diesel;Volkswagen;T Roc;Casablanca;https://www.moteur.ma/media/photos/ads/resized/volkswagen-t-roc-653106.jpeg;https://www.moteur.ma/fr/voiture/achat-voiture-occasion/detail-annonce/477138/volkswagen-t-roc-sport.html
VOLKSWAGEN T-roc;320000;2023;24 000;Automatique;Diesel;Volkswagen;T Roc;Rabat;https://www.moteur.ma/media/photos/ads/resized/volkswagen-t-roc-386975.jpg;https://www.moteur.ma/fr/voiture/achat-voiture-occasion/detail-annonce/477146/volkswagen-t-roc-.html
VOLKSWAGEN T-roc 2.0;300000;2022;115 000;Automatique;Diesel;Volkswagen;T Roc;Laayoune;https://www.moteur.ma/media/photos/ads/resized/volkswagen-t-roc-613338.jpg;https://www.moteur.ma/fr/voiture/achat-voiture-occasion/detail-annonce/475395/volkswagen-t-roc-20.html
VOLKSWAGEN T-roc;379000;2025;4 000;Automatique;Diesel;Volkswagen;T Roc;Rabat;https://www.moteur.ma/media/photos/ads/resized/volkswagen-t-roc-838793.jpg;https://www.moteur.ma/fr/voiture/achat-voiture-occasion/detail-annonce/474167/volkswagen-t-roc-.html
VOLKSWAGEN T-roc Sport;330000;2023;44 000;Automatique;Diesel;Volkswagen;T Roc;Kenitra;https://www.moteur.ma/media/photos/ads/resized/volkswagen-t-roc-260278.jpeg;https://www.moteur.ma/fr/voiture/achat-voiture-occasion/detail-annonce/474110/volkswagen-t-roc-sport.html
VOLKSWAGEN T-roc Volkswagen t-roc;299000;2021;84 000;Automatique;Essence;Volkswagen;T Roc;Tetouan;https://www.moteur.ma/media/photos/ads/resized/volkswagen-t-roc-750856.jpg;https://www.moteur.ma/fr/voiture/achat-voiture-occasion/detail-annonce/472396/volkswagen-t-roc-volkswagen-t-roc.html
VOLKSWAGEN T-roc;339000;2024;24 000;Automatique;Diesel;Volkswagen;T Roc;Casablanca;https://www.moteur.ma/media/photos/ads/resized/volkswagen-t-roc-509370.jpg;https://www.moteur.ma/fr/voiture/achat-voiture-occasion/detail-annonce/480155/volkswagen-t-roc-.html
VOLKSWAGEN T-roc;275000;2023;94 000;Automatique;Diesel;Volkswagen;T Roc;Casablanca;https://www.moteur.ma/media/photos/ads/resized/volkswagen-t-roc-461763.jpg;https://www.moteur.ma/fr/voiture/achat-voiture-occasion/detail-annonce/467880/volkswagen-t-roc-.html
VOLKSWAGEN T-roc;0;2025;4 000;Automatique;Diesel;Volkswagen;T Roc;;https://www.moteur.ma/media/photos/ads/resized/volkswagen-t-roc-646571.jpg;https://www.moteur.ma/fr/voiture/achat-voiture-occasion/detail-annonce/468953/volkswagen-t-roc-.html
VOLKSWAGEN T-roc;0;2023;64 000;Automatique;Diesel;Volkswagen;T Roc;;https://www.moteur.ma/media/photos/ads/resized/volkswagen-t-roc-245681.jpg;https://www.moteur.ma/fr/voiture/achat-voiture-occasion/detail-annonce/464556/volkswagen-t-roc-.html
VOLKSWAGEN T-roc;0;2021;64 000;Automatique;Diesel;Volkswagen;T Roc;;https://www.moteur.ma/media/photos/ads/resized/volkswagen-t-roc-542338.jpg;https://www.moteur.ma/fr/voiture/achat-voiture-occasion/detail-annonce/471669/volkswagen-t-roc-.html
VOLKSWAGEN T-roc 4motion r line…;0;2023;700;Automatique;Diesel;Volkswagen;T Roc;;https://www.moteur.ma/media/photos/ads/resized/volkswagen-t-roc-162894.JPG;https://www.moteur.ma/fr/voiture/achat-voiture-occasion/detail-annonce/411941/volkswagen-t-roc-4motion-r-line-importee-neuve.html
VOLKSWAGEN T-roc;0;2024;69 000;Automatique;Diesel;Volkswagen;T Roc;;https://www.moteur.ma/media/photos/ads/resized/volkswagen-t-roc-668492.jpg;https://www.moteur.ma/fr/voiture/achat-voiture-occasion/detail-annonce/480271/volkswagen-t-roc-.html
VOLKSWAGEN T-roc;0;2023;69 000;Automatique;Diesel;Volkswagen;T Roc;;https://www.moteur.ma/media/photos/ads/resized/volkswagen-t-roc-650200.jpg;https://www.moteur.ma/fr/voiture/achat-voiture-occasion/detail-annonce/479103/volkswagen-t-roc-.html
VOLKSWAGEN T-roc 4motion r line…;0;2023;N/A;Automatique;Diesel;Volkswagen;T Roc;;https://www.moteur.ma/media/photos/ads/resized/volkswagen-t-roc-882834.JPG;https://www.moteur.ma/fr/voiture/achat-voiture-occasion/detail-annonce/411938/volkswagen-t-roc-4motion-r-line-importee-neuve.html
VOLKSWAGEN T-roc;320000;2023;109 000;Automatique;Diesel;Volkswagen;T Roc;Casablanca;https://www.moteur.ma/media/photos/ads/resized/volkswagen-t-roc-353164.jpg;https://www.moteur.ma/fr/voiture/achat-voiture-occasion/detail-annonce/479655/volkswagen-t-roc-.html
VOLKSWAGEN T-roc;0;2023;149 000;Automatique;Diesel;Volkswagen;T Roc;;https://www.moteur.ma/media/photos/ads/resized/volkswagen-t-roc-464617.jpg;https://www.moteur.ma/fr/voiture/achat-voiture-occasion/detail-annonce/478700/volkswagen-t-roc-.html
VOLKSWAGEN T-roc X-trême 2024;0;2024;30 000;Automatique;Diesel;Volkswagen;T Roc;;https://www.moteur.ma/media/photos/ads/resized/volkswagen-t-roc-447364.jpeg;https://www.moteur.ma/fr/voiture/achat-voiture-occasion/detail-annonce/480133/volkswagen-t-roc-x-treme-2024.html
VOLKSWAGEN T-roc X-trême 2024;0;2024;29 000;Automatique;Diesel;Volkswagen;T Roc;;https://www.moteur.ma/media/photos/ads/resized/volkswagen-t-roc-528278.jpg;https://www.moteur.ma/fr/voiture/achat-voiture-occasion/detail-annonce/471323/volkswagen-t-roc-x-treme-2024.html
VOLKSWAGEN T-roc;0;2020;24 000;Automatique;Essence;Volkswagen;T Roc;;https://www.moteur.ma/media/photos/ads/resized/volkswagen-t-roc-575350.jpg;https://www.moteur.ma/fr/voiture/achat-voiture-occasion/detail-annonce/479030/volkswagen-t-roc-.html
VOLKSWAGEN T-roc;319000;2023;139 000;Automatique;Diesel;Volkswagen;T Roc;Casablanca;https://www.moteur.ma/media/photos/ads/resized/volkswagen-t-roc-709911.jpg;https://www.moteur.ma/fr/voiture/achat-voiture-occasion/detail-annonce/478198/volkswagen-t-roc-.html
VOLKSWAGEN T-roc;296000;2023;54 000;Automatique;Diesel;Volkswagen;T Roc;Casablanca;https://www.moteur.ma/media/photos/ads/resized/volkswagen-t-roc-926565.jpg;https://www.moteur.ma/fr/voiture/achat-voiture-occasion/detail-annonce/477014/volkswagen-t-roc-.html
VOLKSWAGEN T-roc;0;2025;4 000;Automatique;Diesel;Volkswagen;T Roc;;https://www.moteur.ma/media/photos/ads/resized/volkswagen-t-roc-389912.jpg;https://www.moteur.ma/fr/voiture/achat-voiture-occasion/detail-annonce/469484/volkswagen-t-roc-.html
VOLKSWAGEN T-roc Sport;305000;2023;31 000;Automatique;Diesel;Volkswagen;T Roc;Casablanca;https://www.moteur.ma/media/photos/ads/resized/volkswagen-t-roc-962975.jpeg;https://www.moteur.ma/fr/voiture/achat-voiture-occasion/detail-annonce/480462/volkswagen-t-roc-sport.html
VOLKSWAGEN T-roc;325000;2021;99 000;Automatique;Diesel;Volkswagen;T Roc;Casablanca;https://www.moteur.ma/media/photos/ads/resized/volkswagen-t-roc-700322.jpg;https://www.moteur.ma/fr/voiture/achat-voiture-occasion/detail-annonce/475797/volkswagen-t-roc-.html
VOLKSWAGEN T-roc;0;2023;109 000;Automatique;Diesel;Volkswagen;T Roc;;https://www.moteur.ma/media/photos/ads/resized/volkswagen-t-roc-991278.jpg;https://www.moteur.ma/fr/voiture/achat-voiture-occasion/detail-annonce/472005/volkswagen-t-roc-.html
VOLKSWAGEN T-roc;330000;2024;24 000;Automatique;Diesel;Volkswagen;T Roc;Rabat;https://www.moteur.ma/media/photos/ads/resized/volkswagen-t-roc-681098.jpg;https://www.moteur.ma/fr/voiture/achat-voiture-occasion/detail-annonce/479007/volkswagen-t-roc-.html
VOLKSWAGEN T-roc;0;2021;119 000;Automatique;Diesel;Volkswagen;T Roc;;https://www.moteur.ma/media/photos/ads/resized/volkswagen-t-roc-631727.jpg;https://www.moteur.ma/fr/voiture/achat-voiture-occasion/detail-annonce/478960/volkswagen-t-roc-.html
VOLKSWAGEN T-roc;0;2023;74 000;Automatique;Diesel;Volkswagen;T Roc;;https://www.moteur.ma/media/photos/ads/resized/volkswagen-t-roc-118357.jpg;https://www.moteur.ma/fr/voiture/achat-voiture-occasion/detail-annonce/478681/volkswagen-t-roc-.html
VOLKSWAGEN T-roc Style sport;285000;2021;91 000;Automatique;Diesel;Volkswagen;T Roc;Casablanca;https://www.moteur.ma/media/photos/ads/resized/volkswagen-t-roc-176537.jpeg;https://www.moteur.ma/fr/voiture/achat-voiture-occasion/detail-annonce/478000/volkswagen-t-roc-style-sport.html
VOLKSWAGEN T-roc Sport;310000;2021;90 000;Automatique;Diesel;Volkswagen;T Roc;Casablanca;https://www.moteur.ma/media/photos/ads/resized/volkswagen-t-roc-653106.jpeg;https://www.moteur.ma/fr/voiture/achat-voiture-occasion/detail-annonce/477138/volkswagen-t-roc-sport.html
VOLKSWAGEN T-roc;320000;2023;24 000;Automatique;Diesel;Volkswagen;T Roc;Rabat;https://www.moteur.ma/media/photos/ads/resized/volkswagen-t-roc-386975.jpg;https://www.moteur.ma/fr/voiture/achat-voiture-occasion/detail-annonce/477146/volkswagen-t-roc-.html
VOLKSWAGEN T-roc 2.0;300000;2022;115 000;Automatique;Diesel;Volkswagen;T Roc;Laayoune;https://www.moteur.ma/media/photos/ads/resized/volkswagen-t-roc-613338.jpg;https://www.moteur.ma/fr/voiture/achat-voiture-occasion/detail-annonce/475395/volkswagen-t-roc-20.html
VOLKSWAGEN T-roc;379000;2025;4 000;Automatique;Diesel;Volkswagen;T Roc;Rabat;https://www.moteur.ma/media/photos/ads/resized/volkswagen-t-roc-838793.jpg;https://www.moteur.ma/fr/voiture/achat-voiture-occasion/detail-annonce/474167/volkswagen-t-roc-.html
VOLKSWAGEN T-roc Sport;330000;2023;44 000;Automatique;Diesel;Volkswagen;T Roc;Kenitra;https://www.moteur.ma/media/photos/ads/resized/volkswagen-t-roc-260278.jpeg;https://www.moteur.ma/fr/voiture/achat-voiture-occasion/detail-annonce/474110/volkswagen-t-roc-sport.html
VOLKSWAGEN T-roc Volkswagen t-roc;299000;2021;84 000;Automatique;Essence;Volkswagen;T Roc;Tetouan;https://www.moteur.ma/media/photos/ads/resized/volkswagen-t-roc-750856.jpg;https://www.moteur.ma/fr/voiture/achat-voiture-occasion/detail-annonce/472396/volkswagen-t-roc-volkswagen-t-roc.html
